lage,marke,rd,einheiten,kw,mwh,vlh_gewichtet,vlh_median,mwh_je_anlage_median,kw_mittel,nabe_mittel
an Land,Enercon,71.0,2845.0,5818696.0,6641481.4,1141.4,1143.1,2285.9,2045.2,83.7
an Land,Enercon,82.0,2440.0,5397388.0,8956596.9,1659.4,1598.8,3550.3,2212.0,116.3
an Land,Vestas,90.0,1468.0,2951075.0,4409003.4,1494.0,1460.5,2946.3,2010.3,106.2
an Land,Vestas,112.0,1156.0,3705179.0,6977209.4,1883.1,1858.4,5952.3,3205.2,125.2
an Land,Enercon,101.0,936.0,2853001.0,5489608.6,1924.2,1924.9,5870.8,3048.1,131.2
an Land,Enercon,40.0,868.0,442533.0,429415.9,970.4,971.3,489.2,509.8,58.4
an Land,Nordex,117.0,852.0,2219762.0,4484703.0,2020.4,2024.6,5048.6,2605.4,130.7
an Land,Vestas,80.0,771.0,1541750.0,1723429.7,1117.8,1115.9,2231.8,1999.7,90.2
an Land,Vestas,126.0,587.0,2001150.0,3835864.3,1916.8,1912.4,6457.6,3409.1,140.2
an Land,Enercon,116.0,545.0,1717080.0,3709638.9,2160.4,2210.1,6905.9,3150.6,139.9
an Land,Enercon,44.0,526.0,314872.0,329951.3,1047.9,1015.5,608.6,598.6,68.5
auf See,Siemens Gamesa,120.0,507.0,1934620.0,5411864.8,2797.4,2936.1,10810.3,3815.8,87.4
an Land,Senvion/REpower,114.0,504.0,1624275.5,3281648.1,2020.4,1998.2,6413.5,3222.8,112.9
an Land,Enercon,115.0,498.0,1530902.0,3317547.9,2167.1,2147.3,6684.1,3074.1,139.7
an Land,GE,77.0,481.0,721500.0,892362.3,1236.8,1204.1,1806.1,1500.0,91.8
an Land,Enercon,53.0,445.0,356374.0,468665.9,1315.1,1281.0,1024.8,800.8,72.6
an Land,GE,120.0,442.0,1179010.0,2327857.0,1974.4,1903.2,4971.7,2667.4,136.4
an Land,Enercon,66.0,404.0,660400.0,703116.3,1064.7,1042.9,1769.7,1634.7,73.6
an Land,Enercon,92.0,384.0,902180.0,1562604.7,1732.0,1676.9,3940.7,2349.4,124.1
an Land,Nordex,149.0,346.0,1801500.0,3327657.8,1847.2,1858.9,9665.7,5206.6,142.6
auf See,Siemens Gamesa,154.0,311.0,2047158.0,6665850.6,3256.1,3270.1,20747.0,6582.5,105.6
an Land,Senvion/REpower,77.0,302.0,453550.0,524518.5,1156.5,1157.3,1735.9,1501.8,86.6
an Land,Vestas,150.0,296.0,1499400.0,3090902.4,2061.4,2109.1,10309.8,5065.5,155.6
an Land,Enercon,138.0,281.0,1166565.0,2317672.7,1986.7,1978.0,8242.8,4151.5,143.3
an Land,Nordex,131.0,262.0,860400.0,1707899.1,1985.0,2033.9,6711.7,3284.0,132.6
an Land,Vestas,136.0,260.0,988200.0,2106972.4,2132.1,2084.3,7847.8,3800.8,139.3
an Land,Enercon,48.0,254.0,202600.0,229259.4,1131.6,1107.5,886.0,797.6,70.9
an Land,Senvion/REpower,92.0,231.0,472510.0,829345.5,1755.2,1675.3,3432.6,2045.5,96.5
an Land,Senvion/REpower,104.0,214.0,721540.0,1243261.3,1723.1,1676.5,5654.8,3371.7,107.1
an Land,NEG Micon,82.0,198.0,297108.0,425813.5,1433.2,1533.0,2299.5,1500.5,100.7
an Land,Senvion/REpower,82.0,188.0,379670.0,536513.5,1413.1,1333.2,2666.4,2019.5,82.3
an Land,Vestas,52.0,182.0,155150.0,140151.0,903.3,889.0,755.6,852.5,72.5
an Land,Fuhrländer,77.0,182.0,273000.0,319705.5,1171.1,1122.8,1684.2,1500.0,91.2
an Land,Vestas,47.0,171.0,112200.0,114321.6,1018.9,1118.9,738.4,656.1,62.8
an Land,GE,158.0,160.0,871161.0,1800442.8,2066.7,2052.3,11102.8,5444.8,150.0
an Land,Enercon,127.0,157.0,721020.0,1357131.3,1882.2,1955.1,8673.6,4592.5,131.4
an Land,NEG Micon,60.0,155.0,155500.0,149400.5,960.8,927.3,927.3,1003.2,71.2
an Land,Siemens Gamesa,113.0,148.0,444500.0,934728.2,2102.9,1932.2,5796.5,3003.4,108.6
an Land,Vestas,117.0,148.0,502575.0,933183.7,1856.8,1866.5,6252.7,3395.8,127.5
an Land,Nordex,100.0,148.0,378600.0,637383.6,1683.5,1655.6,4486.4,2558.1,114.4
an Land,Nordex,60.0,135.0,175500.0,136464.9,777.6,784.5,1019.8,1300.0,68.5
an Land,Sonstige,70.0,128.0,192500.0,199362.5,1035.6,1035.5,1553.3,1503.9,68.5
an Land,AN Bonus,62.0,127.0,165100.0,148858.0,901.6,852.3,1108.0,1300.0,70.4
an Land,Vestas,162.0,126.0,757600.0,1530870.5,2020.7,1971.6,11978.7,6012.7,152.2
auf See,Adwen,116.0,126.0,630000.0,1389618.4,2205.7,2511.0,12554.9,5000.0,92.1
auf See,Senvion/REpower,126.0,126.0,768000.0,1737062.0,2261.8,2374.8,14604.9,6095.2,91.7
an Land,Enercon,58.0,123.0,122950.0,145121.1,1180.3,1148.4,1148.4,999.6,72.8
an Land,Enercon,141.0,121.0,508200.0,1108901.8,2182.0,2248.0,9441.5,4200.0,149.3
an Land,Tacke,43.0,115.0,69000.0,64137.2,929.5,893.4,536.1,600.0,51.4
an Land,Nordex,77.0,113.0,169500.0,225075.4,1327.9,1292.1,1938.2,1500.0,92.1
an Land,Sonstige,77.0,112.0,168000.0,205404.7,1222.6,1253.9,1880.8,1500.0,89.6
an Land,Nordex,90.0,111.0,261600.0,318734.2,1218.4,1227.1,2840.2,2356.8,98.3
an Land,Nordex,70.0,107.0,160500.0,146585.4,913.3,936.6,1404.9,1500.0,81.3
an Land,Vestas,44.0,106.0,63560.0,64471.5,1014.3,852.1,511.2,599.6,56.8
an Land,GE,70.0,105.0,157500.0,171467.2,1088.7,1056.9,1585.4,1500.0,72.9
an Land,NEG Micon,72.0,99.0,150500.0,144243.9,958.4,976.6,1567.6,1520.2,79.9
an Land,Enercon,160.0,99.0,549660.0,970154.7,1765.0,1792.7,9951.9,5552.1,157.5
an Land,Siemens Gamesa,62.0,98.0,127400.0,105954.8,831.7,776.0,1008.8,1300.0,75.4
an Land,Senvion/REpower,122.0,98.0,308820.0,643870.2,2084.9,2066.0,6467.8,3151.2,138.1
an Land,NEG Micon,52.0,91.0,78300.0,64789.8,827.5,806.5,716.6,860.4,69.9
an Land,Vestas,66.0,90.0,151900.0,117804.1,775.5,801.0,1321.6,1687.8,75.5
an Land,NEG Micon,64.0,89.0,133500.0,136356.3,1021.4,1016.8,1525.2,1500.0,71.2
an Land,NEG Micon,48.0,87.0,58800.0,56066.7,953.5,896.7,632.2,675.9,64.3
auf See,Vestas,164.0,87.0,725200.0,2224154.8,3067.0,3011.5,24995.6,8335.6,110.8
auf See,BARD,122.0,80.0,440000.0,1094680.8,2487.9,2499.7,13748.6,5500.0,90.0
an Land,Senvion/REpower,70.0,79.0,123500.0,116835.6,946.0,930.3,1411.9,1563.3,69.3
an Land,DeWind,48.0,78.0,46800.0,43894.1,937.9,1008.3,605.0,600.0,69.2
auf See,Vestas,174.0,76.0,723900.0,2026390.5,2799.3,2590.9,24678.3,9525.0,107.0
auf See,Siemens Gamesa,130.0,72.0,302400.0,1014971.9,3356.4,3356.4,14096.8,4200.0,94.6
auf See,Adwen,135.0,70.0,366100.0,1020417.4,2787.3,2787.3,14577.4,5230.0,97.5
an Land,Nordex,163.0,69.0,439000.0,811003.0,1847.4,1919.8,11976.4,6362.3,151.0
auf See,GE,151.0,66.0,405900.0,1081966.6,2665.6,2665.6,16393.4,6150.0,102.6
an Land,Tacke,46.0,65.0,39030.0,37406.6,958.4,959.3,575.6,600.5,61.7
an Land,Senvion/REpower,100.0,64.0,128260.0,274155.9,2137.5,2073.0,4146.0,2004.1,99.0
an Land,GE,130.0,63.0,205808.0,400309.7,1945.1,1953.4,6309.6,3266.8,122.1
an Land,AN Bonus,44.0,61.0,36600.0,33022.9,902.3,902.7,541.6,600.0,53.2
an Land,Nordex,133.0,60.0,288000.0,517334.0,1796.3,1730.1,8304.5,4800.0,110.5
an Land,Enercon,126.0,54.0,266119.0,396034.5,1488.2,1525.6,6934.8,4928.1,133.7
an Land,DeWind,62.0,53.0,54000.0,44554.1,825.1,802.2,887.1,1018.9,73.3
an Land,Vestas,39.0,52.0,26000.0,25386.5,976.4,1004.8,502.4,500.0,45.4
an Land,Nordex,54.0,51.0,51000.0,37631.4,737.9,821.9,821.9,1000.0,62.8
an Land,Nordex,62.0,50.0,65000.0,59126.8,909.6,864.9,1124.4,1300.0,68.9
an Land,Siemens Gamesa,76.0,50.0,100000.0,93539.1,935.4,1046.7,2093.3,2000.0,71.4
an Land,Vensys,112.0,50.0,125000.0,246118.3,1968.9,1911.3,4778.2,2500.0,136.3
an Land,AN Bonus,54.0,49.0,48600.0,38705.0,796.4,769.0,769.0,991.8,64.5
an Land,GE,103.0,44.0,122200.0,176638.0,1445.5,1437.2,3952.5,2777.3,98.2
an Land,GE,137.0,43.0,156030.0,304553.5,1951.9,1972.8,7161.4,3628.6,145.7
an Land,Siemens Gamesa,58.0,42.0,35700.0,33279.2,932.2,826.6,702.6,850.0,70.6
an Land,Sonstige,44.0,42.0,25150.0,16681.2,663.3,570.4,342.2,598.8,55.1
an Land,Nordex,27.0,41.0,6650.0,6903.4,1038.1,1091.3,172.5,162.2,39.3
an Land,NEG Micon,43.0,40.0,22680.0,17769.7,783.5,688.8,413.2,567.0,51.1
an Land,Siemens Gamesa,130.0,40.0,152100.0,283791.0,1865.8,1957.2,7281.8,3802.5,122.0
an Land,Siemens Gamesa,80.0,39.0,78000.0,67241.8,862.1,830.3,1660.6,2000.0,80.5
an Land,eno energy,93.0,39.0,85200.0,139444.2,1636.7,1657.4,3646.3,2184.6,112.9
an Land,NEG Micon,31.0,39.0,11400.0,12425.8,1090.0,936.0,280.8,292.3,32.8
auf See,Siemens Gamesa,167.0,38.0,342000.0,685214.0,2003.5,2003.7,18032.9,9000.0,107.5
an Land,Siemens Gamesa,93.0,38.0,87400.0,127373.5,1457.4,1229.7,2828.2,2300.0,92.4
an Land,Nordex,43.0,37.0,22200.0,17982.8,810.0,802.1,481.3,600.0,66.0
an Land,eno energy,126.0,37.0,145200.0,229287.9,1579.1,1514.3,5520.6,3924.3,128.3
an Land,Fuhrländer,100.0,37.0,92500.0,142922.2,1545.1,1484.5,3711.4,2500.0,113.7
an Land,eno energy,82.0,35.0,71000.0,89575.0,1261.6,1334.5,2735.7,2028.6,88.2
an Land,Enercon,139.0,35.0,143500.0,251728.2,1754.2,1607.4,6751.1,4100.0,155.9
an Land,Siemens Gamesa,82.0,34.0,78200.0,83077.0,1062.4,998.1,2295.6,2300.0,91.2
an Land,Enercon,30.0,34.0,8180.0,8084.6,988.3,1055.7,241.6,240.6,46.1
an Land,Enercon,33.0,32.0,9955.0,10803.9,1085.3,855.4,270.6,311.1,38.4
auf See,Senvion/REpower,152.0,32.0,202560.0,657153.2,3244.2,3244.2,20536.0,6330.0,104.5
an Land,Nordex,80.0,30.0,75000.0,61039.7,813.9,941.7,2354.3,2500.0,70.7
an Land,Sonstige,48.0,30.0,20200.0,16279.2,805.9,922.3,553.4,673.3,71.7
an Land,NEG Micon,41.0,30.0,15000.0,12387.0,825.8,839.7,419.8,500.0,50.0
an Land,Fuhrländer,54.0,29.0,29100.0,20588.4,707.5,706.3,706.3,1003.4,72.8
an Land,Vensys,77.0,29.0,43500.0,70341.4,1617.0,1572.2,2358.3,1500.0,85.7
an Land,Enercon,59.0,29.0,29000.0,37326.3,1287.1,1246.4,1246.4,1000.0,73.7
an Land,Sonstige,52.0,29.0,22550.0,18224.5,808.2,641.6,481.2,777.6,74.2
an Land,Siemens Gamesa,142.0,28.0,111150.0,237820.6,2139.6,2133.5,8747.2,3969.6,150.9
an Land,Enercon,147.0,28.0,138600.0,235763.8,1701.0,1768.4,8785.5,4950.0,141.9
an Land,Sonstige,43.0,26.0,15500.0,12418.4,801.2,779.9,436.1,596.2,55.4
an Land,unbekannt,70.0,26.0,41000.0,46642.4,1137.6,1092.8,1639.2,1576.9,70.9
an Land,Tacke,70.0,26.0,39000.0,39330.0,1008.5,952.8,1429.2,1500.0,74.3
an Land,Fuhrländer,70.0,25.0,37500.0,30172.5,804.6,798.7,1198.1,1500.0,75.7
an Land,Siemens Gamesa,155.0,25.0,165000.0,245750.3,1489.4,1587.1,10474.8,6600.0,123.7
an Land,Enercon,103.0,24.0,56400.0,107371.6,1903.8,1834.8,4311.8,2350.0,121.6
an Land,GE,46.0,24.0,14425.0,10221.2,708.6,491.2,294.7,601.0,67.0
auf See,Siemens Gamesa,200.0,23.0,265650.0,870517.0,3276.9,3276.9,37848.6,11550.0,126.5
an Land,AN Bonus,82.0,23.0,52900.0,58752.6,1110.6,1049.5,2413.9,2300.0,96.0
an Land,Sonstige,57.0,23.0,24150.0,19458.2,805.7,743.5,780.6,1050.0,64.8
an Land,Sonstige,114.0,22.0,70150.0,143582.4,2046.8,2109.0,6716.7,3188.6,99.8
an Land,Nordex,29.0,22.0,5480.0,3935.7,718.2,712.5,174.8,249.1,46.1
auf See,Siemens Gamesa,93.0,21.0,48300.0,170848.9,3537.2,3537.2,8135.7,2300.0,67.0
an Land,DeWind,80.0,21.0,42000.0,52303.4,1245.3,1281.4,2562.9,2000.0,91.4
an Land,Sonstige,42.0,21.0,12250.0,6785.0,553.9,540.1,324.0,583.3,45.4
an Land,Sonstige,62.0,20.0,26000.0,25086.3,964.9,890.3,1157.4,1300.0,69.2
an Land,Vestas,82.0,20.0,30000.0,41728.2,1390.9,1587.2,2380.8,1500.0,105.6
an Land,Senvion/REpower,48.0,20.0,12150.0,9411.7,774.6,757.4,454.4,607.5,75.0
