lage,marke,rd,anzahl,leistung_mw,kw_median,nabe_median,nabe_p10,nabe_p90,ibn_von,ibn_bis,typ_haeufigste
an Land,Enercon,71.0,3018,6151.6,2000.0,85.0,64.0,113.0,1999.0,2025.0,E-70 E4
an Land,Enercon,82.0,2485,5498.6,2300.0,108.0,85.0,138.4,2006.0,2026.0,E-82 E2
an Land,Vestas,90.0,1491,2997.1,2000.0,105.0,98.0,125.0,2001.0,2021.0,V90
an Land,Vestas,112.0,1166,3738.3,3075.0,140.0,94.0,140.0,2011.0,2024.0,V112
an Land,Enercon,101.0,943,2874.3,3050.0,135.4,99.0,149.0,2011.0,2022.0,E-101
an Land,Enercon,40.0,936,477.2,500.0,65.0,42.0,65.0,1993.0,2013.0,E-40
an Land,Nordex,117.0,879,2299.0,2400.0,140.6,91.0,141.0,2011.0,2026.0,N117
an Land,Vestas,80.0,799,1597.8,2000.0,100.0,60.0,100.0,2001.0,2014.0,V80
an Land,Vestas,126.0,614,2092.9,3450.0,137.0,137.0,149.0,2014.0,2025.0,V126
an Land,Enercon,44.0,576,344.8,600.0,65.0,58.0,78.0,1993.0,2011.0,E-40/6.44
an Land,Enercon,116.0,574,1838.5,3000.0,149.0,92.0,149.1,2014.0,2026.0,E-115
an Land,Nordex,149.0,547,2924.4,5700.0,127.4,105.0,164.0,2018.0,2026.0,N149/5.X
an Land,GE,77.0,524,786.0,1500.0,100.0,73.0,100.0,1999.0,2009.0,GE 1.5sl
an Land,Enercon,115.0,524,1631.5,3000.0,149.0,92.0,149.0,2012.0,2026.0,E-115
an Land,Senvion/REpower,114.0,513,1652.8,3170.0,93.0,93.0,143.0,2012.0,2020.0,3.2M114
auf See,Siemens Gamesa,120.0,507,1934.6,3780.0,89.0,78.2,91.0,2014.0,2015.0,SWT-3.6-120
an Land,Enercon,138.0,484,2022.2,4200.0,160.0,110.2,160.0,2020.0,2026.0,E-138 EP3 E2
an Land,Enercon,53.0,462,370.0,800.0,73.0,73.0,73.2,2002.0,2024.0,E-53
an Land,GE,120.0,456,1217.4,2750.0,139.0,120.0,139.0,2013.0,2022.0,GE 2.75-120
an Land,Enercon,66.0,441,718.3,1500.0,67.0,65.0,98.0,1997.0,2005.0,E-66
an Land,Vestas,150.0,440,2288.4,5600.0,166.0,125.0,169.0,2019.0,2026.0,V150
an Land,Enercon,92.0,393,923.3,2350.0,138.0,103.9,138.4,2005.0,2026.0,E-92
an Land,Vestas,162.0,390,2376.2,6200.0,169.0,119.0,169.0,2022.0,2026.0,V162
an Land,Enercon,160.0,343,1905.9,5560.0,166.6,120.0,166.6,2021.0,2026.0,E-160 EP5 E3
an Land,Senvion/REpower,77.0,323,485.1,1500.0,85.0,61.5,100.0,2000.0,2010.0,MD77
an Land,Vestas,136.0,323,1243.2,3600.0,149.0,112.0,166.0,2016.0,2026.0,V136
auf See,Siemens Gamesa,154.0,311,2047.2,6300.0,105.0,102.0,110.0,2016.0,2020.0,SWT-6.0-154
an Land,Nordex,131.0,284,938.7,3300.0,134.0,106.0,164.0,2015.0,2025.0,N131/3300
an Land,Nordex,163.0,281,1834.1,6800.0,164.0,118.0,164.9,2021.0,2026.0,N163-6.8 MW
an Land,Enercon,48.0,256,204.2,800.0,75.6,55.0,76.0,2002.0,2018.0,E-48
an Land,Senvion/REpower,92.0,250,511.0,2050.0,100.0,80.0,100.0,2005.0,2019.0,MM92
an Land,Senvion/REpower,104.0,219,738.4,3370.0,98.0,80.0,128.0,2009.0,2017.0,3.4M104
an Land,Sonstige,2.0,212,0.3,1.0,9.0,4.0,12.0,2007.0,2026.0,SkyWind NG
an Land,Vestas,52.0,210,178.8,850.0,74.0,65.0,74.0,1998.0,2009.0,V52
an Land,NEG Micon,82.0,204,306.1,1500.0,95.0,93.6,109.0,2002.0,2007.0,NM 82/1500
an Land,GE,158.0,195,1064.3,5500.0,161.0,120.9,161.0,2020.0,2025.0,GE 5.5-158
an Land,Senvion/REpower,82.0,188,379.7,2000.0,100.0,59.0,100.0,2003.0,2017.0,MM82
an Land,Fuhrländer,77.0,186,279.0,1500.0,100.0,62.0,100.0,2001.0,2011.0,FL MD 77
an Land,Vestas,47.0,178,116.8,660.0,65.0,42.0,76.0,1998.0,2005.0,V47
an Land,NEG Micon,60.0,176,176.5,1000.0,70.0,70.0,80.0,1999.0,2005.0,NM60/1000
an Land,Enercon,127.0,169,769.0,4200.0,135.0,115.8,135.0,2005.0,2026.0,E-126 EP3
an Land,Vestas,117.0,156,530.2,3450.0,141.5,91.5,141.5,2015.0,2026.0,V117
an Land,Siemens Gamesa,113.0,155,466.1,3000.0,93.0,92.5,142.5,2013.0,2021.0,SWT-3.0-113
an Land,Nordex,100.0,154,394.4,2500.0,100.0,100.0,140.0,2006.0,2017.0,N100
an Land,Sonstige,6.0,153,1.1,6.0,19.0,10.7,19.8,2009.0,2026.0,EasyWind 6 AC
an Land,AN Bonus,62.0,148,192.4,1300.0,68.0,68.0,80.0,1999.0,2006.0,"1,3 MW/62"
an Land,Enercon,58.0,142,141.9,1000.0,70.5,69.4,89.0,1999.0,2008.0,E-58/10.58
an Land,Nordex,60.0,140,182.0,1300.0,69.0,60.0,73.0,1998.0,2014.0,N60
an Land,Sonstige,70.0,135,203.0,1500.0,65.0,65.0,85.0,1999.0,2007.0,Enron Wind 1.5 s
an Land,Tacke,43.0,130,78.0,600.0,50.0,50.0,60.0,1994.0,2003.0,TW600
an Land,Nordex,133.0,129,619.2,4800.0,110.0,82.5,125.4,2019.0,2026.0,N133/4.8
an Land,Enercon,141.0,127,533.4,4200.0,158.9,129.0,159.0,2017.0,2022.0,E-141 EP4
auf See,Senvion/REpower,126.0,126,768.0,6150.0,90.0,84.0,96.8,2009.0,2017.0,6.2M126
auf See,Adwen,116.0,126,630.0,5000.0,92.1,91.3,92.9,2009.0,2015.0,AD5-116
an Land,GE,70.0,124,186.0,1500.0,65.0,64.1,100.0,1999.0,2005.0,GE 1.5s
an Land,Vestas,44.0,124,74.4,600.0,53.0,50.0,63.0,1995.0,2000.0,V44
an Land,Nordex,77.0,119,178.5,1500.0,90.0,84.0,100.0,2001.0,2010.0,S-77
an Land,Sonstige,77.0,117,175.5,1500.0,85.0,80.0,100.0,1999.0,2009.0,S77
an Land,Nordex,90.0,116,273.1,2300.0,100.0,80.0,105.0,2002.0,2011.0,N90
an Land,Nordex,70.0,110,165.0,1500.0,85.0,65.0,114.5,2000.0,2007.0,S70
an Land,DeWind,48.0,109,65.4,600.0,70.0,70.0,70.0,1997.0,2004.0,D4
auf See,Siemens Gamesa,200.0,106,1224.3,11550.0,142.4,126.5,142.4,2024.0,2026.0,SG 11.0-200 DD
an Land,Siemens Gamesa,62.0,105,136.5,1300.0,68.0,68.0,90.0,2000.0,2006.0,AN Bonus 1300
an Land,NEG Micon,72.0,103,156.5,1500.0,80.0,64.0,98.0,2000.0,2007.0,NM72C
an Land,Vestas,66.0,100,168.4,1650.0,67.0,67.0,81.9,1998.0,2004.0,V66  - 1.750
an Land,Senvion/REpower,122.0,99,312.0,3200.0,139.0,139.0,139.0,2014.0,2018.0,3.0M122
an Land,Sonstige,4.0,98,0.5,5.0,10.0,7.8,19.0,2001.0,2026.0,Heywind 6.0
an Land,NEG Micon,48.0,97,65.8,750.0,70.0,60.0,70.0,1996.0,2003.0,NM48/750
an Land,NEG Micon,52.0,95,81.9,900.0,73.9,60.0,74.0,1999.0,2006.0,WW 750/52
an Land,Sonstige,7.0,94,0.8,8.9,19.0,11.3,30.0,1996.0,2026.0,Falcon 40
an Land,NEG Micon,64.0,90,135.0,1500.0,68.0,68.0,80.0,1997.0,2005.0,NM64c/1500
auf See,Vestas,164.0,87,725.2,8300.0,110.8,108.3,114.6,2018.0,2019.0,MHI Vestas Offshore Wind V164-8.0
an Land,Senvion/REpower,70.0,83,129.5,1500.0,65.0,65.0,85.0,2000.0,2005.0,MD70
an Land,Sonstige,5.0,80,0.5,6.5,15.0,9.4,21.9,2002.0,2026.0,"Antaris 7,5"
auf See,BARD,122.0,80,440.0,5500.0,90.0,90.0,90.0,2010.0,2013.0,BARD 5.0
auf See,Vestas,174.0,76,723.9,9525.0,107.0,107.0,107.0,2023.0,2024.0,V174-9.5 MW
an Land,Tacke,46.0,75,45.0,600.0,60.0,50.0,70.0,1995.0,2002.0,TW600e
auf See,Siemens Gamesa,130.0,72,302.4,4200.0,94.6,94.6,94.6,2016.0,2017.0,SWT-4.0-130
an Land,DeWind,62.0,71,72.0,1000.0,68.5,68.5,91.5,1999.0,2003.0,D6
an Land,Sonstige,8.0,70,0.8,10.0,17.0,10.0,24.0,2005.0,2026.0,Aircon 10
auf See,Adwen,135.0,70,366.1,5230.0,97.5,97.5,97.5,2017.0,2017.0,ADWEN AD5-135
an Land,AN Bonus,44.0,68,40.8,600.0,50.0,50.0,58.0,1996.0,2002.0,AN 44-3 600KW
an Land,Sonstige,1.0,68,0.9,1.0,7.0,3.0,10.0,1998.0,2026.0,Skywind NG
auf See,GE,151.0,66,405.9,6150.0,102.6,102.6,102.6,2018.0,2019.0,Haliade 150-6MW
an Land,Senvion/REpower,100.0,65,130.3,2000.0,100.0,100.0,100.0,2014.0,2019.0,MM100
an Land,GE,130.0,63,205.8,3230.0,134.0,85.0,134.0,2017.0,2022.0,GE 3.2-130
auf See,Vestas,236.0,61,915.0,15000.0,144.6,144.6,144.6,2025.0,2026.0,V236-15MW
an Land,Enercon,175.0,61,368.0,6000.0,162.0,162.0,162.0,2024.0,2026.0,E-175 EP5
an Land,Siemens Gamesa,155.0,59,389.4,6600.0,122.5,102.5,165.0,2022.0,2025.0,SG 6.0-155
an Land,Enercon,126.0,58,282.5,4200.0,135.0,134.5,135.2,2008.0,2023.0,E-126
an Land,Sonstige,3.0,58,0.2,3.6,10.0,7.3,19.0,1996.0,2026.0,"Antaris 3,5"
an Land,Vestas,39.0,56,28.0,500.0,40.5,40.0,53.0,1993.0,2004.0,V39
an Land,Nordex,54.0,54,54.0,1000.0,60.0,60.0,70.0,1996.0,2002.0,N54
an Land,Nordex,43.0,51,30.6,600.0,65.0,59.0,77.5,1996.0,2003.0,N43
an Land,AN Bonus,54.0,51,50.6,1000.0,60.0,60.0,70.0,1998.0,2001.0,AN Bonus 1000/54
an Land,Nordex,62.0,51,66.3,1300.0,69.0,68.0,69.0,1999.0,2003.0,N62
an Land,Siemens Gamesa,76.0,50,100.0,2000.0,60.0,60.0,90.0,2001.0,2005.0,AN Bonus 2MW
an Land,Siemens Gamesa,58.0,50,42.5,850.0,71.0,71.0,71.0,2004.0,2009.0,G58
an Land,Vensys,112.0,50,125.0,2500.0,140.0,140.0,140.0,2013.0,2020.0,Vensys 112
an Land,Sonstige,44.0,49,29.4,600.0,55.0,50.0,58.0,1993.0,2002.0,AN600
an Land,Nordex,27.0,45,7.5,150.0,40.0,36.0,41.3,1992.0,1995.0,N27
an Land,NEG Micon,43.0,44,25.0,600.0,50.0,46.0,60.0,1993.0,2000.0,M1500-600
an Land,GE,103.0,44,122.2,2750.0,98.3,98.0,98.3,2013.0,2016.0,"GE 2,75-103"
an Land,GE,137.0,43,156.0,3630.0,164.5,110.0,164.5,2017.0,2021.0,GE 3.6-137
an Land,Sonstige,12.0,42,0.7,12.5,15.0,15.0,25.1,1985.0,2021.0,EAZ-Zwölf
an Land,NEG Micon,31.0,42,12.3,300.0,31.5,30.0,36.0,1991.0,1997.0,NTK 300
an Land,Siemens Gamesa,130.0,41,155.8,3600.0,135.0,85.0,135.0,2016.0,2023.0,SWT-3.6.-130
an Land,Enercon,139.0,41,168.9,4200.0,160.0,131.0,160.0,2020.0,2025.0,E-138 EP3 E2
an Land,eno energy,93.0,39,85.2,2200.0,103.0,103.0,124.2,2012.0,2016.0,eno 92 - 2.2
an Land,Siemens Gamesa,80.0,39,78.0,2000.0,78.0,60.0,100.0,2004.0,2008.0,G80
an Land,Enercon,33.0,38,11.8,300.0,38.0,34.0,41.5,1992.0,2009.0,E-32
an Land,Siemens Gamesa,93.0,38,87.4,2300.0,90.5,80.0,103.0,2006.0,2009.0,2.3/93
auf See,Siemens Gamesa,167.0,38,342.0,9000.0,107.5,107.5,107.5,2022.0,2022.0,SG 8.0-167 DD
an Land,Enercon,30.0,38,8.8,200.0,50.0,36.0,50.0,1994.0,2004.0,E-30
an Land,Fuhrländer,100.0,37,92.5,2500.0,100.0,100.0,141.0,2006.0,2014.0,FL 2500/100
an Land,eno energy,126.0,37,145.2,4000.0,137.0,97.0,137.0,2017.0,2023.0,eno126
an Land,eno energy,82.0,35,71.0,2050.0,101.0,58.6,102.6,2008.0,2017.0,eno 82
an Land,Siemens Gamesa,82.0,34,78.2,2300.0,90.0,90.0,97.0,2003.0,2006.0,AN-Bonus 2300
an Land,Enercon,59.0,33,33.0,1000.0,70.5,70.0,89.0,2000.0,2006.0,E-58
an Land,Sonstige,48.0,33,22.0,600.0,75.0,65.0,75.0,1999.0,2006.0,JE48/600
auf See,Senvion/REpower,152.0,32,202.6,6330.0,104.5,104.5,104.5,2019.0,2020.0,6.2M152 Power Upgrade
an Land,NEG Micon,41.0,32,16.0,500.0,50.0,50.0,50.0,1994.0,2000.0,NTK 500
an Land,Fuhrländer,54.0,32,32.1,1000.0,70.0,70.0,70.0,1998.0,2004.0,FL 1000
an Land,Sonstige,52.0,31,24.1,750.0,73.9,73.9,74.0,1998.0,2005.0,ww52/750
an Land,Nordex,80.0,30,75.0,2500.0,80.0,60.0,80.0,2000.0,2013.0,N80
an Land,Vestas,172.0,30,216.0,7200.0,175.0,175.0,175.0,2025.0,2026.0,"V 172  7,2MW"
an Land,Vensys,77.0,29,43.5,1500.0,100.0,61.5,100.0,2007.0,2017.0,Vensys 77
an Land,Enercon,147.0,29,143.6,5000.0,155.1,126.0,155.1,2021.0,2025.0,E-147 EP5 E2
an Land,Siemens Gamesa,142.0,28,111.2,4100.0,165.0,129.0,165.0,2017.0,2023.0,SWT DD-142
an Land,Sonstige,43.0,27,16.1,600.0,50.0,50.0,60.0,1995.0,2001.0,TW 600
an Land,unbekannt,70.0,26,41.0,1500.0,65.0,65.0,91.5,2000.0,2012.0,Jacobs MD70
an Land,Tacke,70.0,26,39.0,1500.0,80.0,64.7,85.0,1999.0,2001.0,TW 1.5s
an Land,Fuhrländer,70.0,25,37.5,1500.0,65.0,65.0,102.7,2001.0,2010.0,MD 70
an Land,Sonstige,114.0,25,80.3,3170.0,93.0,93.0,123.0,2014.0,2024.0,"3,2M114"
an Land,Nordex,29.0,25,6.2,250.0,50.0,40.0,50.0,1994.0,2000.0,N29
an Land,Sonstige,50.0,25,17.1,750.0,74.5,65.4,75.0,1998.0,2024.0,PWE650
an Land,AN Bonus,82.0,24,55.2,2300.0,100.0,90.0,100.0,2003.0,2006.0,"AN Bonus 2,3 MW/82-VS"
an Land,AN Bonus,76.0,24,48.0,2000.0,90.0,80.0,90.0,2001.0,2004.0,AN Bonus 2MW/76
an Land,Sonstige,57.0,24,25.1,1050.0,70.0,60.0,70.0,1998.0,2004.0,HSW 1000/57
an Land,Enercon,103.0,24,56.4,2350.0,123.2,98.0,138.4,2019.0,2024.0,E-103
an Land,Tacke,21.0,24,1.9,80.0,40.0,40.0,40.0,1992.0,1998.0,TW 80
an Land,GE,46.0,24,14.4,600.0,62.5,60.0,76.9,1997.0,2002.0,Tacke 600a
an Land,DeWind,64.0,23,28.8,1250.0,68.0,67.5,91.5,2001.0,2007.0,DeWind D6
an Land,Sonstige,14.0,23,0.7,29.8,42.0,24.6,42.9,1992.0,2025.0,LA 30
an Land,Sonstige,13.0,22,0.5,29.8,30.0,17.4,42.0,2000.0,2026.0,LA30
auf See,Siemens Gamesa,93.0,21,48.3,2300.0,67.0,67.0,67.0,2011.0,2011.0,SWT 2.3-93
an Land,DeWind,80.0,21,42.0,2000.0,100.0,80.0,100.0,2002.0,2006.0,DeWind D8/80/2000
an Land,Sonstige,42.0,21,12.2,600.0,42.0,42.0,50.5,1995.0,2000.0,ET 550/41
an Land,Sonstige,62.0,21,27.3,1300.0,68.0,68.0,80.0,1999.0,2004.0,"AN 1,3 MW / 62 geregelte K."
an Land,Sonstige,31.0,21,5.8,270.0,41.0,31.0,50.0,1992.0,2000.0,NTK 300/31
an Land,Senvion/REpower,48.0,20,12.2,600.0,75.0,75.0,75.0,2001.0,2002.0,48/600
an Land,Vestas,82.0,20,30.0,1500.0,108.6,93.6,108.6,2004.0,2006.0,V82
an Land,Sonstige,54.0,19,19.0,1000.0,70.0,60.0,70.0,1998.0,2002.0,
an Land,Sonstige,46.0,19,12.2,600.0,70.0,60.0,74.0,1997.0,2000.0,
an Land,Nordex,30.0,19,4.7,250.0,50.0,40.0,50.0,1993.0,2015.0,
an Land,Sonstige,56.0,18,14.6,850.0,70.0,70.0,70.0,1999.0,2007.0,
an Land,GE,100.0,17,42.5,2500.0,100.0,100.0,100.0,2008.0,2011.0,
an Land,Nordex,175.0,17,115.6,6800.0,179.0,179.0,179.0,2024.0,2026.0,
an Land,GE,94.0,17,39.1,2300.0,93.0,88.0,100.0,2005.0,2006.0,
an Land,eno energy,114.0,16,56.5,3500.0,127.2,109.5,127.5,2014.0,2018.0,
an Land,Siemens Gamesa,170.0,16,105.6,6600.0,165.0,140.0,165.0,2024.0,2025.0,
an Land,GE,164.0,16,96.0,6000.0,167.0,167.0,167.0,2025.0,2026.0,
an Land,NEG Micon,30.0,16,3.8,225.0,36.0,30.3,36.0,1992.0,1995.0,
an Land,Sonstige,9.0,16,0.2,10.0,14.7,10.0,24.1,2010.0,2026.0,
an Land,Sonstige,100.0,16,39.0,2500.0,135.0,100.0,141.0,2010.0,2018.0,
an Land,Sonstige,82.0,15,31.5,2050.0,59.0,58.4,105.4,2004.0,2017.0,
an Land,Senvion/REpower,126.0,15,83.2,5075.0,117.0,100.0,117.0,2006.0,2014.0,
an Land,Vestas,27.0,15,3.4,225.0,31.5,30.0,33.1,1991.0,1996.0,
an Land,Sonstige,37.0,15,7.0,450.0,35.0,33.2,39.2,1993.0,1998.0,
an Land,Siemens Gamesa,90.0,15,30.9,2000.0,100.0,100.0,103.0,2006.0,2014.0,
an Land,Vensys,136.0,14,49.0,3500.0,132.0,132.0,152.4,2020.0,2026.0,
an Land,Sonstige,40.0,14,7.0,500.0,50.0,44.0,59.1,1994.0,1997.0,
an Land,Sonstige,10.0,14,0.3,17.5,18.8,12.0,30.0,1995.0,2024.0,
an Land,Vensys,120.0,14,42.0,3000.0,140.0,139.0,140.0,2015.0,2023.0,
an Land,Sonstige,15.0,13,0.6,50.0,30.0,22.4,34.0,1989.0,2025.0,
an Land,Sonstige,112.0,13,41.9,3300.0,119.0,94.0,148.0,2013.0,2017.0,
an Land,Enercon,18.0,13,1.0,80.0,36.0,30.6,36.5,1990.0,1994.0,
an Land,Tacke,77.0,13,19.5,1500.0,100.0,85.0,100.0,1998.0,2001.0,
an Land,GE,65.0,12,18.0,1500.0,67.0,67.0,67.0,1998.0,2003.0,
an Land,Vensys,100.0,12,30.0,2500.0,100.0,100.0,100.0,2010.0,2017.0,
an Land,Vensys,82.0,12,18.4,1500.0,85.0,85.0,100.0,2011.0,2024.0,
an Land,Siemens Gamesa,107.0,12,43.2,3600.0,80.0,80.0,93.0,2006.0,2009.0,
an Land,Sonstige,27.0,12,2.0,150.0,31.0,30.0,40.0,1991.0,1995.0,
an Land,Sonstige,16.0,12,0.6,50.0,24.5,18.0,36.0,1989.0,2025.0,
an Land,Sonstige,22.0,12,1.2,110.0,31.0,24.2,34.2,1990.0,2021.0,
an Land,Vestas,42.0,12,7.3,600.0,53.0,53.0,54.0,1995.0,1999.0,
an Land,Vestas,91.0,11,22.0,2000.0,105.0,105.0,105.0,2007.0,2007.0,
an Land,Siemens Gamesa,114.0,11,23.2,2000.0,93.0,93.0,93.0,2017.0,2018.0,
an Land,Siemens Gamesa,97.0,11,22.0,2000.0,120.0,120.0,123.0,2015.0,2017.0,
an Land,DeWind,46.0,10,5.9,600.0,70.0,69.8,70.0,1998.0,2000.0,
an Land,Sonstige,41.0,10,5.7,600.0,50.0,48.4,50.0,1994.0,1996.0,
an Land,eno energy,100.0,10,22.0,2200.0,99.0,99.0,102.0,2014.0,2018.0,
an Land,eno energy,115.0,10,37.0,3500.0,127.5,92.0,142.0,2014.0,2019.0,
an Land,Enercon,32.0,9,2.6,300.0,35.0,34.7,40.4,1990.0,2007.0,
an Land,Siemens Gamesa,101.0,9,23.5,2300.0,99.5,79.5,99.5,2010.0,2015.0,
an Land,Sonstige,110.0,9,28.8,3200.0,143.2,137.6,143.2,2013.0,2017.0,
an Land,Sonstige,150.0,9,48.2,6000.0,125.0,121.0,166.0,2020.0,2026.0,
an Land,Siemens Gamesa,120.0,9,32.4,3600.0,90.0,89.9,90.0,2011.0,2014.0,
an Land,Sonstige,76.0,9,18.0,2000.0,60.0,60.0,90.0,2003.0,2006.0,
an Land,unbekannt,1.0,9,0.0,1.0,9.4,5.2,10.8,2005.0,2025.0,
an Land,NEG Micon,25.0,9,1.5,150.0,32.5,32.4,32.7,1990.0,2007.0,
an Land,Sonstige,18.0,8,0.6,80.0,40.0,30.8,45.7,1990.0,2000.0,
an Land,AN Bonus,37.0,8,3.6,450.0,42.1,39.9,42.3,1994.0,1999.0,
an Land,Fuhrländer,90.0,8,20.0,2500.0,100.0,100.0,100.0,2007.0,2007.0,
an Land,unbekannt,44.0,8,4.8,600.0,58.0,55.6,65.0,1997.0,2003.0,
an Land,unbekannt,82.0,8,18.2,2150.0,108.0,79.2,137.5,2003.0,2014.0,
an Land,Enercon,42.0,8,4.1,500.0,65.0,61.4,70.2,1995.0,2004.0,
an Land,Sonstige,23.0,8,1.2,150.0,30.0,30.0,33.0,1991.0,1994.0,
an Land,Vestas,25.0,8,1.6,200.0,30.0,29.5,38.5,1988.0,2009.0,
an Land,Sonstige,20.0,7,0.7,110.0,30.0,23.0,32.3,1992.0,2024.0,
an Land,Tacke,33.0,7,2.1,300.0,40.0,40.0,50.0,1994.0,1995.0,
an Land,Enercon,20.0,7,0.6,80.0,36.5,34.1,40.0,1993.0,1995.0,
an Land,Vestas,100.0,7,18.0,3000.0,100.0,80.0,110.0,2005.0,2013.0,
an Land,NEG Micon,70.0,7,9.5,1500.0,80.0,66.8,80.0,2000.0,2001.0,
an Land,Sonstige,0.0,7,0.0,2.0,5.8,1.9,8.0,2016.0,2025.0,
an Land,Sonstige,24.0,7,0.9,150.0,30.0,30.0,36.4,1990.0,2025.0,
an Land,Nordex,50.0,7,5.6,800.0,70.0,61.4,70.0,2000.0,2002.0,
an Land,Siemens Gamesa,44.0,7,4.2,600.0,58.0,58.0,58.0,1999.0,2000.0,
an Land,GE,71.0,6,9.0,1500.0,100.0,100.0,100.0,2002.0,2005.0,
an Land,Sonstige,11.0,6,0.1,17.5,24.6,18.8,28.0,1996.0,2025.0,
an Land,Nordex,52.0,6,5.0,800.0,60.0,60.0,62.5,1994.0,1999.0,
an Land,AN Bonus,23.0,6,0.9,150.0,30.0,30.0,35.0,1991.0,1995.0,
an Land,Enercon,19.0,6,0.5,80.0,31.0,28.2,35.2,1991.0,1995.0,
an Land,Vestas,149.0,6,20.7,3450.0,126.0,126.0,126.0,2018.0,2018.0,
an Land,Enercon,114.0,6,31.9,6000.0,125.0,89.0,130.0,2004.0,2012.0,
an Land,Vensys,126.0,6,22.8,3800.0,136.9,136.9,136.9,2022.0,2023.0,
an Land,Vestas,85.0,6,12.0,2000.0,100.0,100.0,100.0,2004.0,2005.0,
an Land,Vestas,137.0,6,20.7,3450.0,126.0,126.0,126.0,2018.0,2018.0,
an Land,Vestas,72.0,6,9.0,1500.0,98.0,89.0,98.0,2005.0,2006.0,
an Land,Sonstige,80.0,6,12.0,2000.0,69.0,60.0,100.0,2001.0,2009.0,
an Land,Vensys,115.0,6,24.6,4100.0,92.4,92.4,92.4,2023.0,2024.0,
an Land,Siemens Gamesa,132.0,6,30.0,5000.0,84.0,84.0,84.0,2023.0,2023.0,
an Land,AN Bonus,41.0,6,3.6,600.0,50.0,50.0,50.0,1995.0,1995.0,
an Land,Fuhrländer,48.0,5,4.0,800.0,60.0,60.0,66.0,1997.0,1998.0,
an Land,eno energy,160.0,5,30.0,6000.0,165.0,165.0,165.0,2024.0,2025.0,
an Land,Siemens Gamesa,52.0,5,4.2,850.0,74.0,74.0,74.0,2004.0,2005.0,
an Land,Senvion/REpower,140.0,5,18.4,3600.0,130.0,110.0,131.2,2017.0,2018.0,
an Land,Sonstige,116.0,5,15.0,3000.0,92.0,92.0,146.2,2013.0,2018.0,
an Land,Vestas,78.0,5,10.0,2000.0,80.0,80.0,80.0,2002.0,2002.0,
an Land,Sonstige,104.0,5,16.9,3370.0,98.0,98.0,116.0,2011.0,2015.0,
an Land,Enercon,43.0,5,2.9,600.0,65.0,45.4,65.0,1995.0,2002.0,
an Land,Tacke,42.0,5,3.0,600.0,50.0,50.0,56.0,1994.0,1996.0,
an Land,Enercon,17.0,5,0.4,80.0,28.5,28.5,30.0,1989.0,1991.0,
an Land,Sonstige,30.0,5,1.2,250.0,30.0,30.0,38.4,1995.0,2025.0,
an Land,Vestas,70.0,5,10.0,2000.0,105.0,105.0,105.0,2012.0,2013.0,
an Land,NEG Micon,26.0,5,1.1,250.0,30.0,29.0,30.0,1990.0,1993.0,
an Land,unbekannt,41.0,4,2.3,600.0,50.0,50.0,50.0,1995.0,1995.0,
an Land,NEG Micon,37.0,4,2.1,500.0,36.0,35.0,43.3,1993.0,1995.0,
an Land,NEG Micon,29.0,4,0.9,225.0,36.0,36.0,36.0,1994.0,1995.0,
an Land,Fuhrländer,30.0,4,1.0,250.0,41.8,41.5,42.0,1994.0,1998.0,
an Land,unbekannt,71.0,4,8.6,2150.0,75.0,64.3,94.2,2004.0,2018.0,
an Land,unbekannt,6.0,4,0.0,7.2,19.0,19.0,19.0,2010.0,2026.0,
an Land,Sonstige,90.0,4,8.5,2000.0,101.5,95.9,105.0,2006.0,2011.0,
an Land,Siemens Gamesa,37.0,4,1.8,450.0,35.0,35.0,35.0,1994.0,1998.0,
an Land,Vestas,43.0,4,2.3,600.0,45.5,45.0,55.8,1995.0,1997.0,
an Land,Enercon,80.0,4,8.1,2000.0,96.5,69.6,108.0,2004.0,2011.0,
an Land,Tacke,71.0,4,6.0,1500.0,80.0,80.0,80.0,1999.0,1999.0,
an Land,Enercon,41.0,4,2.0,500.0,63.5,63.5,64.5,1996.0,1998.0,
an Land,Siemens Gamesa,78.0,4,8.0,2000.0,60.0,60.0,81.0,2001.0,2002.0,
an Land,Siemens Gamesa,87.0,4,8.0,2000.0,89.0,65.4,100.0,2001.0,2007.0,
an Land,Vensys,137.0,4,14.0,3500.0,129.2,96.5,161.5,2021.0,2021.0,
an Land,Vestas,29.0,4,0.9,225.0,31.5,30.4,44.5,1992.0,1996.0,
an Land,Siemens Gamesa,128.0,4,18.0,4500.0,120.0,120.0,120.0,2016.0,2018.0,
an Land,DeWind,63.0,4,5.0,1250.0,91.5,91.5,91.5,2000.0,2001.0,
an Land,Enercon,50.0,4,2.2,550.0,70.0,53.1,75.0,1995.0,2003.0,
an Land,Tacke,36.0,4,2.0,500.0,40.0,40.0,42.1,1993.0,1995.0,
an Land,Adwen,116.0,4,20.0,5000.0,116.0,102.0,130.0,2004.0,2008.0,
an Land,unbekannt,2.0,4,0.0,3.5,8.5,7.3,10.1,2014.0,2025.0,
an Land,Tacke,22.0,4,0.3,80.0,40.0,40.0,40.0,1993.0,1993.0,
an Land,AN Bonus,93.0,4,9.2,2300.0,103.0,92.5,103.0,2005.0,2006.0,
an Land,Vestas,60.0,3,3.5,1000.0,70.0,62.0,70.0,1997.0,2001.0,
an Land,Tacke,47.0,3,1.8,600.0,50.0,50.0,58.0,1995.0,1997.0,
an Land,Sonstige,121.0,3,9.1,3000.0,99.6,91.9,99.9,2013.0,2016.0,
an Land,AN Bonus,33.0,3,0.9,300.0,40.0,40.0,40.0,1996.0,1998.0,
an Land,Vestas,17.0,3,0.2,75.0,23.8,23.6,23.9,1988.0,2023.0,
an Land,eno energy,152.0,3,16.8,5600.0,165.0,165.0,165.0,2023.0,2024.0,
an Land,unbekannt,48.0,3,2.0,600.0,75.0,75.0,75.5,2001.0,2005.0,
an Land,Vestas,40.0,3,1.5,500.0,55.0,42.6,63.0,1994.0,1996.0,
an Land,unbekannt,77.0,3,4.5,1500.0,85.0,66.2,85.0,2001.0,2005.0,
an Land,Vestas,41.0,3,1.5,500.0,50.0,50.0,50.0,1995.0,1996.0,
an Land,unbekannt,4.0,3,0.0,5.0,9.0,8.2,9.8,2011.0,2024.0,
an Land,Tacke,18.0,3,0.2,60.0,35.0,31.0,39.0,1992.0,1994.0,
an Land,Fuhrländer,21.0,3,0.3,100.0,35.0,35.0,37.4,1996.0,2008.0,
an Land,NEG Micon,42.0,3,1.8,600.0,,,,1995.0,1996.0,
an Land,GE,80.0,3,4.5,1500.0,80.0,80.0,92.8,2003.0,2005.0,
an Land,Enercon,77.0,3,5.0,1500.0,100.0,88.0,110.4,2002.0,2006.0,
an Land,NEG Micon,68.0,3,4.5,1500.0,64.0,64.0,64.0,2000.0,2000.0,
an Land,Fuhrländer,53.0,3,2.8,1000.0,73.0,62.6,73.0,1997.0,2002.0,
an Land,Sonstige,26.0,3,0.6,200.0,30.0,30.0,30.0,1993.0,1993.0,
an Land,NEG Micon,27.0,3,0.7,250.0,30.0,30.0,34.8,1991.0,1993.0,
an Land,Enercon,46.0,3,1.7,600.0,65.0,61.0,65.0,1995.0,2000.0,
an Land,Senvion/REpower,43.0,3,1.8,600.0,60.0,52.0,60.0,1996.0,1998.0,
an Land,Enercon,54.0,3,2.4,800.0,65.0,61.0,71.4,1998.0,2010.0,
an Land,Enercon,81.0,3,6.6,2300.0,108.0,84.0,132.3,2009.0,2014.0,
an Land,Nordex,46.0,2,1.2,600.0,74.0,74.0,74.0,2000.0,2000.0,
an Land,Vensys,70.0,2,3.0,1500.0,65.0,65.0,65.0,2011.0,2014.0,
an Land,BARD,122.0,2,11.0,5500.0,90.0,90.0,90.0,2007.0,2008.0,
an Land,unbekannt,66.0,2,3.2,1625.0,66.9,66.8,67.0,1999.0,2001.0,
an Land,NEG Micon,94.0,2,3.0,1500.0,82.0,82.0,82.0,2003.0,2003.0,
an Land,Sonstige,66.0,2,3.3,1650.0,68.0,68.0,68.0,2001.0,2001.0,
an Land,unbekannt,52.0,2,1.8,900.0,73.8,73.8,73.8,2001.0,2001.0,
an Land,Tacke,48.0,2,1.1,550.0,68.0,61.6,74.4,1999.0,1999.0,
an Land,Enercon,78.0,2,4.0,2000.0,64.0,64.0,64.0,2006.0,2006.0,
an Land,Siemens Gamesa,154.0,2,12.0,6000.0,120.0,120.0,120.0,2014.0,2014.0,
an Land,unbekannt,80.0,2,4.0,2000.0,77.5,63.5,91.5,2008.0,2009.0,
an Land,NEG Micon,117.0,2,5.4,2700.0,116.0,96.0,136.0,2014.0,2016.0,
an Land,unbekannt,90.0,2,4.0,2000.0,105.0,105.0,105.0,2007.0,2009.0,
an Land,Tacke,65.0,2,3.0,1500.0,82.5,80.5,84.5,1997.0,1999.0,
an Land,unbekannt,42.0,2,0.5,250.0,28.2,28.0,28.3,2019.0,2022.0,
an Land,Enercon,38.0,2,1.0,500.0,68.1,64.0,72.2,1997.0,1999.0,
an Land,unbekannt,43.0,2,1.1,550.0,48.0,46.4,49.6,1995.0,1998.0,
an Land,Enercon,110.0,2,6.0,3025.0,142.0,136.4,147.6,2013.0,2017.0,
an Land,Sonstige,68.0,2,2.6,1300.0,65.0,62.6,67.4,2000.0,2002.0,
an Land,Senvion/REpower,94.0,2,4.0,2000.0,100.0,100.0,100.0,2010.0,2010.0,
an Land,Vestas,30.0,2,0.5,262.5,35.5,35.1,35.9,1995.0,2007.0,
an Land,Vestas,36.0,2,1.0,500.0,40.5,40.5,40.5,1994.0,1994.0,
an Land,Vestas,64.0,2,3.0,1500.0,68.0,68.0,68.0,2002.0,2002.0,
an Land,Senvion/REpower,27.0,2,0.4,200.0,40.0,40.0,40.0,1993.0,1994.0,
an Land,Vestas,63.0,2,3.0,1500.0,60.0,60.0,60.0,1997.0,1998.0,
an Land,Nordex,164.0,2,12.7,6350.0,163.5,163.1,163.9,2022.0,2026.0,
an Land,unbekannt,5.0,2,0.0,6.8,16.8,10.9,22.6,2016.0,2023.0,
an Land,Enercon,112.0,2,7.5,3750.0,130.2,126.0,134.4,2002.0,2020.0,
an Land,Vestas,50.0,2,1.7,850.0,74.0,74.0,74.0,2003.0,2003.0,
an Land,unbekannt,92.0,2,4.0,2000.0,100.0,100.0,100.0,2007.0,2007.0,
an Land,Tacke,37.0,2,1.0,500.0,40.0,40.0,40.0,1994.0,1994.0,
an Land,Sonstige,17.0,2,0.1,47.5,20.0,16.8,23.2,2005.0,2012.0,
an Land,Sonstige,126.0,2,6.9,3450.0,137.0,137.0,137.0,2016.0,2023.0,
an Land,Sonstige,65.0,2,3.0,1500.0,67.0,67.0,67.0,1999.0,2001.0,
an Land,Sonstige,71.0,2,4.6,2300.0,64.0,64.0,64.0,2009.0,2013.0,
an Land,Sonstige,74.0,2,3.0,1500.0,,,,2000.0,2000.0,
an Land,Enercon,16.0,2,0.1,67.5,27.0,24.6,29.4,1991.0,2024.0,
an Land,Nordex,34.0,2,0.5,250.0,41.0,41.0,41.0,1994.0,1994.0,
an Land,Sonstige,92.0,2,4.3,2175.0,109.0,85.8,132.2,2010.0,2017.0,
an Land,Sonstige,47.0,2,1.3,630.0,78.0,78.0,78.0,1999.0,2001.0,
an Land,Vestas,122.0,2,6.5,3262.5,140.0,140.0,140.0,2014.0,2015.0,
an Land,AN Bonus,58.0,2,2.6,1300.0,68.0,68.0,68.0,2002.0,2002.0,
an Land,Sonstige,35.0,2,0.9,450.0,35.0,35.0,35.0,1992.0,1993.0,
an Land,Sonstige,33.0,2,0.7,325.0,45.8,42.4,49.1,1995.0,1996.0,
an Land,AN Bonus,68.0,2,2.6,1300.0,68.0,68.0,68.0,2000.0,2000.0,
an Land,Sonstige,32.0,2,1.0,500.0,42.0,42.0,42.0,2001.0,2001.0,
an Land,AN Bonus,64.0,2,2.6,1300.0,68.0,68.0,68.0,2002.0,2006.0,
an Land,Sonstige,136.0,2,8.4,4200.0,108.5,87.3,129.7,2021.0,2026.0,
an Land,Sonstige,141.0,2,4.6,2300.0,128.5,126.5,130.5,2024.0,2026.0,
an Land,Nordex,82.0,2,3.9,1950.0,98.4,83.7,113.1,2010.0,2015.0,
an Land,Nordex,25.0,2,0.4,200.0,40.0,40.0,40.0,1995.0,2001.0,
an Land,Vestas,95.0,2,4.0,2000.0,97.5,91.5,103.5,2008.0,2013.0,
an Land,Tacke,24.0,2,0.5,250.0,30.0,30.0,30.0,1991.0,1992.0,
an Land,unbekannt,117.0,2,4.8,2400.0,141.0,141.0,141.0,2014.0,2014.0,
an Land,Sonstige,25.0,2,0.4,200.0,29.0,28.2,29.8,1989.0,1994.0,
an Land,unbekannt,120.0,2,5.1,2530.0,139.0,139.0,139.0,2014.0,2014.0,
an Land,unbekannt,3.0,2,0.0,2.5,8.0,6.4,9.6,2020.0,2026.0,
an Land,Tacke,16.0,2,0.1,60.0,35.0,31.0,39.0,1992.0,1993.0,
an Land,Tacke,11.0,2,0.2,80.0,40.0,40.0,40.0,1994.0,1995.0,
an Land,Sonstige,29.0,2,0.5,237.5,39.4,31.0,47.9,1994.0,1995.0,
an Land,eno energy,141.0,1,4.2,4200.0,129.0,129.0,129.0,2024.0,2024.0,
an Land,eno energy,92.0,1,2.2,2200.0,103.0,103.0,103.0,2014.0,2014.0,
an Land,Enercon,93.0,1,2.4,2350.0,84.6,84.6,84.6,2016.0,2016.0,
an Land,NEG Micon,92.0,1,1.5,1500.0,84.0,84.0,84.0,2002.0,2002.0,
an Land,eno energy,71.0,1,2.3,2300.0,64.0,64.0,64.0,2014.0,2014.0,
an Land,eno energy,70.0,1,2.3,2300.0,114.0,114.0,114.0,2007.0,2007.0,
an Land,eno energy,66.0,1,1.5,1500.0,67.0,67.0,67.0,1999.0,1999.0,
an Land,Vestas,169.0,1,6.0,6000.0,166.0,166.0,166.0,2022.0,2022.0,
an Land,Nordex,14.0,1,0.1,55.0,30.0,30.0,30.0,1993.0,1993.0,
an Land,Nordex,38.0,1,0.2,250.0,50.0,50.0,50.0,1995.0,1995.0,
an Land,eno energy,84.0,1,2.0,2050.0,58.6,58.6,58.6,2017.0,2017.0,
an Land,Nordex,31.0,1,0.3,270.0,50.0,50.0,50.0,2000.0,2000.0,
an Land,NEG Micon,80.0,1,1.5,1500.0,72.0,72.0,72.0,2003.0,2003.0,
an Land,unbekannt,58.0,1,1.0,1000.0,70.0,70.0,70.0,2005.0,2005.0,
an Land,Enercon,113.0,1,6.0,6000.0,124.6,124.6,124.6,2004.0,2004.0,
an Land,unbekannt,103.0,1,2.8,2750.0,98.0,98.0,98.0,2014.0,2014.0,
an Land,AN Bonus,24.0,1,0.1,150.0,30.0,30.0,30.0,2014.0,2014.0,
an Land,AN Bonus,34.0,1,0.5,450.0,37.0,37.0,37.0,2001.0,2001.0,
an Land,Fuhrländer,13.0,1,0.0,30.0,25.0,25.0,25.0,1996.0,1996.0,
an Land,AN Bonus,35.0,1,0.5,450.0,35.0,35.0,35.0,1992.0,1992.0,
an Land,Fuhrländer,93.0,1,2.0,2050.0,100.0,100.0,100.0,2011.0,2011.0,
an Land,GE,2.0,1,0.0,1.5,8.0,8.0,8.0,2013.0,2013.0,
an Land,GE,72.0,1,1.5,1500.0,64.0,64.0,64.0,2001.0,2001.0,
an Land,Enercon,130.0,1,4.2,4200.0,130.8,130.8,130.8,2022.0,2022.0,
an Land,AN Bonus,72.0,1,2.0,2000.0,90.0,90.0,90.0,2002.0,2002.0,
an Land,unbekannt,138.0,1,4.2,4200.0,160.0,160.0,160.0,2022.0,2022.0,
an Land,unbekannt,126.0,1,3.3,3300.0,137.0,137.0,137.0,2015.0,2015.0,
an Land,unbekannt,115.0,1,3.0,3000.0,149.0,149.0,149.0,2018.0,2018.0,
an Land,unbekannt,101.0,1,3.0,3050.0,135.4,135.4,135.4,2016.0,2016.0,
an Land,unbekannt,9.0,1,0.0,15.0,24.0,24.0,24.0,2012.0,2012.0,
an Land,unbekannt,97.0,1,2.0,2000.0,123.0,123.0,123.0,2017.0,2017.0,
an Land,NEG Micon,18.0,1,0.1,55.0,30.0,30.0,30.0,1993.0,1993.0,
an Land,NEG Micon,20.0,1,0.1,55.0,30.0,30.0,30.0,1991.0,1991.0,
an Land,NEG Micon,33.0,1,0.3,300.0,30.0,30.0,30.0,1992.0,1992.0,
an Land,unbekannt,62.0,1,1.3,1300.0,69.0,69.0,69.0,2001.0,2001.0,
an Land,NEG Micon,44.0,1,0.5,500.0,46.0,46.0,46.0,1996.0,1996.0,
an Land,NEG Micon,46.0,1,0.6,600.0,78.0,78.0,78.0,1999.0,1999.0,
an Land,unbekannt,40.0,1,0.5,500.0,50.0,50.0,50.0,1994.0,1994.0,
an Land,unbekannt,27.0,1,0.2,250.0,40.0,40.0,40.0,1996.0,1996.0,
an Land,unbekannt,20.0,1,0.0,30.0,30.0,30.0,30.0,2024.0,2024.0,
an Land,unbekannt,15.0,1,0.0,30.0,22.0,22.0,22.0,2013.0,2013.0,
an Land,unbekannt,10.0,1,0.0,10.8,25.0,25.0,25.0,2025.0,2025.0,
an Land,Nordex,41.0,1,0.5,500.0,50.0,50.0,50.0,1995.0,1995.0,
an Land,Vestas,77.0,1,2.0,2000.0,100.0,100.0,100.0,2006.0,2006.0,
an Land,Vestas,140.0,1,3.3,3300.0,112.0,112.0,112.0,2016.0,2016.0,
an Land,Enercon,7.0,1,0.0,9.8,30.0,30.0,30.0,2014.0,2014.0,
an Land,Tacke,26.0,1,0.2,250.0,55.0,55.0,55.0,1992.0,1992.0,
an Land,Tacke,28.0,1,0.3,300.0,50.0,50.0,50.0,1995.0,1995.0,
an Land,Sonstige,21.0,1,0.1,95.0,25.0,25.0,25.0,1991.0,1991.0,
an Land,Tacke,39.0,1,0.5,500.0,40.0,40.0,40.0,1992.0,1992.0,
an Land,Tacke,40.0,1,0.6,600.0,50.0,50.0,50.0,1995.0,1995.0,
an Land,Enercon,21.0,1,0.1,80.0,36.0,36.0,36.0,1993.0,1993.0,
an Land,Tacke,44.0,1,0.6,600.0,50.0,50.0,50.0,1996.0,1996.0,
an Land,Sonstige,28.0,1,0.2,250.0,28.5,28.5,28.5,1988.0,1988.0,
an Land,Enercon,36.0,1,0.5,500.0,65.0,65.0,65.0,1998.0,1998.0,
an Land,Tacke,52.0,1,0.6,600.0,76.9,76.9,76.9,1999.0,1999.0,
an Land,Siemens Gamesa,60.0,1,1.3,1300.0,68.0,68.0,68.0,2000.0,2000.0,
an Land,Siemens Gamesa,54.0,1,1.0,1000.0,70.0,70.0,70.0,2002.0,2002.0,
an Land,Siemens Gamesa,41.0,1,0.6,600.0,42.3,42.3,42.3,1994.0,1994.0,
an Land,Siemens Gamesa,34.0,1,0.3,300.0,41.0,41.0,41.0,1998.0,1998.0,
an Land,Tacke,23.0,1,0.2,250.0,55.0,55.0,55.0,1993.0,1993.0,
an Land,Tacke,17.0,1,0.1,60.0,30.0,30.0,30.0,1991.0,1991.0,
an Land,Enercon,90.0,1,2.0,2000.0,105.0,105.0,105.0,2012.0,2012.0,
an Land,Sonstige,101.0,1,3.0,3050.0,135.4,135.4,135.4,2014.0,2014.0,
an Land,Sonstige,72.0,1,1.5,1500.0,64.0,64.0,64.0,2001.0,2001.0,
an Land,Sonstige,63.0,1,1.3,1300.0,80.0,80.0,80.0,2002.0,2002.0,
an Land,Sonstige,61.0,1,0.8,750.0,69.0,69.0,69.0,2018.0,2018.0,
an Land,Sonstige,58.0,1,1.3,1300.0,68.0,68.0,68.0,2002.0,2002.0,
an Land,Fuhrländer,29.0,1,0.2,250.0,42.0,42.0,42.0,1995.0,1995.0,
an Land,Sonstige,93.0,1,2.0,2000.0,85.0,85.0,85.0,2010.0,2010.0,
an Land,Sonstige,45.0,1,0.8,750.0,65.0,65.0,65.0,1999.0,1999.0,
an Land,Sonstige,147.0,1,4.3,4300.0,132.5,132.5,132.5,2020.0,2020.0,
an Land,Sonstige,107.0,1,2.3,2300.0,58.0,58.0,58.0,2005.0,2005.0,
an Land,Sonstige,109.0,1,2.4,2400.0,95.0,95.0,95.0,2012.0,2012.0,
an Land,Sonstige,36.0,1,0.3,270.0,53.0,53.0,53.0,1995.0,1995.0,
an Land,Sonstige,34.0,1,0.5,450.0,,,,1994.0,1994.0,
an Land,Sonstige,117.0,1,3.5,3450.0,91.5,91.5,91.5,2023.0,2023.0,
an Land,Sonstige,120.0,1,2.3,2300.0,95.0,95.0,95.0,2014.0,2014.0,
an Land,Senvion/REpower,152.0,1,6.2,6150.0,124.0,124.0,124.0,2014.0,2014.0,
an Land,Vensys,99.0,1,2.5,2500.0,100.0,100.0,100.0,2014.0,2014.0,
an Land,Senvion/REpower,144.0,1,3.7,3700.0,108.0,108.0,108.0,2018.0,2018.0,
an Land,Vestas,105.0,1,2.0,2000.0,90.0,90.0,90.0,2009.0,2009.0,
an Land,Vestas,75.0,1,5.6,5600.0,105.0,105.0,105.0,2026.0,2026.0,
an Land,Nordex,98.0,1,2.5,2500.0,140.0,140.0,140.0,2010.0,2010.0,
an Land,Vestas,88.0,1,2.0,2000.0,105.0,105.0,105.0,2004.0,2004.0,
an Land,Adwen,180.0,1,8.0,8000.0,116.0,116.0,116.0,2017.0,2017.0,
an Land,Vestas,94.0,1,3.1,3075.0,112.0,112.0,112.0,2014.0,2014.0,
an Land,Nordex,75.0,1,1.5,1500.0,77.0,77.0,77.0,2006.0,2006.0,
an Land,Adwen,135.0,1,5.0,5000.0,130.0,130.0,130.0,2013.0,2013.0,
an Land,Senvion/REpower,118.0,1,4.2,4200.0,91.0,91.0,91.0,2018.0,2018.0,
an Land,Vestas,114.0,1,3.3,3300.0,140.0,140.0,140.0,2019.0,2019.0,
an Land,Vestas,123.0,1,3.3,3300.0,137.0,137.0,137.0,2016.0,2016.0,
an Land,Adwen,4.0,1,0.0,9.5,21.0,21.0,21.0,2016.0,2016.0,
an Land,Vestas,127.0,1,3.3,3300.0,137.0,137.0,137.0,2015.0,2015.0,
an Land,Vestas,134.0,1,3.5,3450.0,126.0,126.0,126.0,2017.0,2017.0,
an Land,Nordex,69.0,1,1.3,1300.0,60.0,60.0,60.0,2000.0,2000.0,
an Land,Enercon,72.0,1,1.8,1800.0,,,,2001.0,2001.0,
an Land,Enercon,68.0,1,1.5,1500.0,68.0,68.0,68.0,1997.0,1997.0,
an Land,DeWind,41.0,1,0.5,500.0,55.0,55.0,55.0,1997.0,1997.0,
an Land,Nordex,132.0,1,3.6,3600.0,120.0,120.0,120.0,2019.0,2019.0,
an Land,Vestas,56.0,1,0.8,850.0,70.0,70.0,70.0,2003.0,2003.0,
an Land,Enercon,67.0,1,1.8,1800.0,65.0,65.0,65.0,2001.0,2001.0,
an Land,Enercon,63.0,1,1.8,1800.0,63.0,63.0,63.0,2001.0,2001.0,
an Land,Nordex,150.0,1,5.7,5700.0,166.0,166.0,166.0,2022.0,2022.0,
an Land,Enercon,60.0,1,1.8,1800.0,,,,2004.0,2004.0,
an Land,Senvion/REpower,2.0,1,0.0,3.0,,,,2025.0,2025.0,
an Land,Senvion/REpower,29.0,1,0.2,250.0,40.0,40.0,40.0,1995.0,1995.0,
an Land,Senvion/REpower,49.0,1,0.6,600.0,75.0,75.0,75.0,2001.0,2001.0,
an Land,Senvion/REpower,71.0,1,2.3,2300.0,98.2,98.2,98.2,2012.0,2012.0,
an Land,Vestas,15.0,1,0.1,55.0,18.0,18.0,18.0,1983.0,1983.0,
an Land,Senvion/REpower,84.0,1,2.0,2000.0,100.0,100.0,100.0,2004.0,2004.0,
an Land,Senvion/REpower,112.0,1,3.2,3200.0,143.0,143.0,143.0,2013.0,2013.0,
an Land,Vensys,116.0,1,3.0,3000.0,149.1,149.1,149.1,2021.0,2021.0,
an Land,AN Bonus,22.0,1,0.1,150.0,40.0,40.0,40.0,1995.0,1995.0,
